<?xml version="1.0"?>
<ruleset name="bywulf ruleset"
         xmlns="http://pmd.sf.net/ruleset/1.0.0"
         xmlns:xsi="http://www.w3.org/2001/XMLSchema-instance"
         xsi:schemaLocation="http://pmd.sf.net/ruleset/1.0.0 http://pmd.sf.net/ruleset_xml_schema.xsd"
         xsi:noNamespaceSchemaLocation="http://pmd.sf.net/ruleset_xml_schema.xsd">

    <rule ref="rulesets/codesize.xml">
        <exclude name="ExcessiveMethodLength" />
        <exclude name="ExcessiveParameterList" />
    </rule>

    <rule ref="rulesets/cleancode.xml">
        <exclude name="StaticAccess" />
        <exclude name="ElseExpression" />
    </rule>

    <rule ref="rulesets/controversial.xml" />

    <rule ref="rulesets/design.xml">
        <exclude name="CouplingBetweenObjects" />
        <exclude name="NumberOfChildren" />
    </rule>


    <rule ref="rulesets/naming.xml">
        <exclude name="LongVariable" />
        <exclude name="ShortVariable" />
        <exclude name="ShortMethodName" />
        <exclude name="LongClassName" />
    </rule>

    <rule ref="rulesets/unusedcode.xml">
        <exclude name="UnusedFormalParameter" />
    </rule>

    <rule ref="rulesets/codesize.xml/ExcessiveMethodLength">
        <properties>
            <property name="minimum" description="The method size reporting threshold" value="160" />
            <property name="ignore-whitespace" description="Count whitespace in reporting threshold" value="true" />
        </properties>
    </rule>

    <rule ref="rulesets/naming.xml/LongVariable">
        <properties>
            <property name="maximum" description="The variable length reporting threshold" value="40" />
        </properties>
    </rule>
</ruleset>
